{"cameraMode":{"drawMode":0,"name":"Shaded","section":"Shading Mode"},"sceneLighting":true,"audioPlay":false,"sceneViewState":{"showFog":true,"showMaterialUpdate":true,"showSkybox":true,"showFlares":true,"showImageEffects":true,"showParticleSystems":true},"in2DMode":false,"pivot":{"x":0.12855874001979829,"y":17.80174446105957,"z":-2.663928508758545},"rotation":{"x":0.07343351095914841,"y":0.0029918968211859466,"z":-0.00022030112450011075,"w":0.9972959756851196},"size":2.611023187637329,"orthographic":true}