{"cameraMode":{"drawMode":2,"name":"Shaded Wireframe","section":"Shading Mode"},"sceneLighting":false,"audioPlay":false,"sceneViewState":{"showFog":true,"showMaterialUpdate":true,"showSkybox":false,"showFlares":true,"showImageEffects":true,"showParticleSystems":true},"in2DMode":false,"pivot":{"x":-0.1001121997833252,"y":8.162798881530762,"z":0.0},"rotation":{"x":0.14559397101402284,"y":0.10810257494449616,"z":-0.016006596386432649,"w":0.9832918643951416},"size":10.665215492248536,"orthographic":true}